{
  "version": 1,
  "author": "Anonymous maker",
  "editor": "wokwi",
  "parts": [
    { "type": "wokwi-breadboard", "id": "bb1", "top": -233.4, "left": -102.8, "attrs": {} },
    { "type": "wokwi-arduino-uno", "id": "uno", "top": 39, "left": 37.8, "attrs": {} },
    {
      "type": "wokwi-led",
      "id": "led1",
      "top": -214.8,
      "left": -82.6,
      "attrs": { "color": "red" }
    },
    {
      "type": "wokwi-led",
      "id": "led2",
      "top": -214.8,
      "left": 90.2,
      "attrs": { "color": "orange" }
    },
    {
      "type": "wokwi-led",
      "id": "led3",
      "top": -214.8,
      "left": 263,
      "attrs": { "color": "limegreen" }
    },
    {
      "type": "wokwi-led",
      "id": "led4",
      "top": -214.8,
      "left": 416.6,
      "attrs": { "color": "blue", "flip": "" }
    },
    {
      "type": "wokwi-resistor",
      "id": "r1",
      "top": -178.45,
      "left": 441.6,
      "attrs": { "value": "300" }
    },
    {
      "type": "wokwi-resistor",
      "id": "r2",
      "top": -178.45,
      "left": 288,
      "attrs": { "value": "300" }
    },
    {
      "type": "wokwi-resistor",
      "id": "r3",
      "top": -178.45,
      "left": 115.2,
      "attrs": { "value": "300" }
    },
    {
      "type": "wokwi-resistor",
      "id": "r4",
      "top": -178.45,
      "left": -57.6,
      "attrs": { "value": "300" }
    },
    {
      "type": "wokwi-pushbutton-6mm",
      "id": "btn1",
      "top": -143.5,
      "left": -6.1,
      "rotate": 90,
      "attrs": { "color": "green", "xray": "1" }
    },
    {
      "type": "wokwi-pushbutton-6mm",
      "id": "btn2",
      "top": -143,
      "left": 167.2,
      "rotate": 90,
      "attrs": { "color": "green", "xray": "1" }
    },
    {
      "type": "wokwi-pushbutton-6mm",
      "id": "btn3",
      "top": -142.2,
      "left": 496,
      "rotate": 270,
      "attrs": { "color": "green", "xray": "1" }
    },
    {
      "type": "wokwi-pushbutton-6mm",
      "id": "btn4",
      "top": -143,
      "left": 340,
      "rotate": 90,
      "attrs": { "color": "green", "xray": "1" }
    },
    {
      "type": "wokwi-resistor",
      "id": "r5",
      "top": -82.45,
      "left": 288,
      "attrs": { "value": "1000" }
    },
    {
      "type": "wokwi-resistor",
      "id": "r6",
      "top": -82.45,
      "left": 441.6,
      "attrs": { "value": "1000" }
    },
    {
      "type": "wokwi-resistor",
      "id": "r7",
      "top": -82.45,
      "left": 115.2,
      "attrs": { "value": "1000" }
    },
    {
      "type": "wokwi-resistor",
      "id": "r8",
      "top": -82.45,
      "left": -57.6,
      "attrs": { "value": "1000" }
    },
    {
      "type": "wokwi-buzzer",
      "id": "bz1",
      "top": 79.2,
      "left": 462.6,
      "attrs": { "volume": "0.1" }
    }
  ],
  "connections": [
    [ "bb1:bn.6", "uno:3.3V", "red", [ "v75.5", "h-0.8", "v220.8", "h220.8" ] ],
    [ "r8:1", "bb1:bp.3", "green", [ "v28.8", "h19.2" ] ],
    [ "r7:1", "bb1:bp.18", "green", [ "v28.8", "h19.2" ] ],
    [ "r5:1", "bb1:bp.33", "green", [ "v28.8", "h9.6" ] ],
    [ "r6:1", "bb1:bp.48", "green", [ "v28.8", "h19.2" ] ],
    [ "bb1:11b.j", "bb1:bn.9", "red", [ "v38.4", "h9.6" ] ],
    [ "bb1:29b.j", "bb1:bn.24", "red", [ "v38.4", "h19.2" ] ],
    [ "bb1:45b.h", "uno:8", "orange", [ "v86.4", "h-134.8" ] ],
    [ "bb1:61b.h", "uno:2", "orange", [ "v105.6", "h-224.9" ] ],
    [ "bz1:1", "bb1:bp.44", "black", [ "h-76.8", "v-181.5" ] ],
    [ "bz1:2", "uno:5", "red", [ "h-144.4", "v-86.4" ] ],
    [ "bb1:47b.j", "bb1:bn.39", "red", [ "v0" ] ],
    [ "bb1:27b.h", "uno:10", "orange", [ "v0" ] ],
    [ "bb1:9b.h", "uno:13", "orange", [ "v0" ] ],
    [ "led1:C", "bb1:bp.1", "green", [ "v0" ] ],
    [ "led2:C", "bb1:bp.16", "green", [ "v0" ] ],
    [ "led3:C", "bb1:bp.31", "green", [ "v0" ] ],
    [ "led4:C", "bb1:bp.46", "green", [ "v0" ] ],
    [ "bb1:63b.j", "bb1:bn.50", "red", [ "v0" ] ],
    [ "led1:A", "bb1:3t.b", "", [ "$bb" ] ],
    [ "led1:C", "bb1:2t.b", "", [ "$bb" ] ],
    [ "led2:A", "bb1:21t.b", "", [ "$bb" ] ],
    [ "led2:C", "bb1:20t.b", "", [ "$bb" ] ],
    [ "led3:A", "bb1:39t.b", "", [ "$bb" ] ],
    [ "led3:C", "bb1:38t.b", "", [ "$bb" ] ],
    [ "r2:1", "bb1:39t.b", "", [ "$bb" ] ],
    [ "r2:2", "bb1:45t.b", "", [ "$bb" ] ],
    [ "r3:1", "bb1:21t.b", "", [ "$bb" ] ],
    [ "r3:2", "bb1:27t.b", "", [ "$bb" ] ],
    [ "r4:1", "bb1:3t.b", "", [ "$bb" ] ],
    [ "r4:2", "bb1:9t.b", "", [ "$bb" ] ],
    [ "btn2:1.l", "bb1:29t.e", "", [ "$bb" ] ],
    [ "btn2:2.l", "bb1:27t.e", "", [ "$bb" ] ],
    [ "btn2:1.r", "bb1:29b.f", "", [ "$bb" ] ],
    [ "btn2:2.r", "bb1:27b.f", "", [ "$bb" ] ],
    [ "btn3:1.l", "bb1:61b.f", "", [ "$bb" ] ],
    [ "btn3:2.l", "bb1:63b.f", "", [ "$bb" ] ],
    [ "btn3:1.r", "bb1:61t.e", "", [ "$bb" ] ],
    [ "btn3:2.r", "bb1:63t.e", "", [ "$bb" ] ],
    [ "btn4:1.l", "bb1:47t.e", "", [ "$bb" ] ],
    [ "btn4:2.l", "bb1:45t.e", "", [ "$bb" ] ],
    [ "btn4:1.r", "bb1:47b.f", "", [ "$bb" ] ],
    [ "btn4:2.r", "bb1:45b.f", "", [ "$bb" ] ],
    [ "r5:1", "bb1:39b.j", "", [ "$bb" ] ],
    [ "r5:2", "bb1:45b.j", "", [ "$bb" ] ],
    [ "r7:1", "bb1:21b.j", "", [ "$bb" ] ],
    [ "r7:2", "bb1:27b.j", "", [ "$bb" ] ],
    [ "r8:1", "bb1:3b.j", "", [ "$bb" ] ],
    [ "r8:2", "bb1:9b.j", "", [ "$bb" ] ],
    [ "r1:1", "bb1:55t.b", "", [ "$bb" ] ],
    [ "r1:2", "bb1:61t.b", "", [ "$bb" ] ],
    [ "led4:A", "bb1:55t.b", "", [ "$bb" ] ],
    [ "led4:C", "bb1:54t.b", "", [ "$bb" ] ],
    [ "r6:1", "bb1:55b.j", "", [ "$bb" ] ],
    [ "r6:2", "bb1:61b.j", "", [ "$bb" ] ],
    [ "btn1:1.l", "bb1:11t.e", "", [ "$bb" ] ],
    [ "btn1:2.l", "bb1:9t.e", "", [ "$bb" ] ],
    [ "btn1:1.r", "bb1:11b.f", "", [ "$bb" ] ],
    [ "btn1:2.r", "bb1:9b.f", "", [ "$bb" ] ],
    [ "bb1:bp.20", "uno:GND.1", "green", [ "v0" ] ]
  ],
  "dependencies": {}
}